{"cameraMode":{"drawMode":0,"name":"Shaded","section":"Shading Mode"},"sceneLighting":false,"audioPlay":false,"sceneViewState":{"showFog":true,"showMaterialUpdate":false,"showSkybox":false,"showFlares":true,"showImageEffects":true,"showParticleSystems":true},"in2DMode":false,"pivot":{"x":-0.9780333638191223,"y":3.267359733581543,"z":-1.621556043624878},"rotation":{"x":0.000517735374160111,"y":0.9994778037071228,"z":-0.024301696568727495,"w":0.021293075755238534},"size":8.80241584777832,"orthographic":false}