{"cameraMode":{"drawMode":0,"name":"Shaded","section":"Shading Mode"},"sceneLighting":true,"audioPlay":false,"sceneViewState":{"showFog":true,"showMaterialUpdate":false,"showSkybox":true,"showFlares":true,"showImageEffects":true,"showParticleSystems":true},"in2DMode":false,"pivot":{"x":1.425844669342041,"y":0.9381683468818665,"z":-0.8103718757629395},"rotation":{"x":-0.008427493274211884,"y":-0.013701151125133038,"z":-0.009286788292229176,"w":-0.99982750415802},"size":3.838327169418335,"orthographic":false}