{"cameraMode":{"drawMode":0,"name":"Shaded","section":"Shading Mode"},"sceneLighting":false,"audioPlay":false,"sceneViewState":{"showFog":true,"showMaterialUpdate":false,"showSkybox":false,"showFlares":true,"showImageEffects":true,"showParticleSystems":true},"in2DMode":false,"pivot":{"x":-0.6711342334747315,"y":1.1312397718429566,"z":0.0},"rotation":{"x":0.01229921542108059,"y":0.9866202473640442,"z":-0.08934430032968521,"w":0.13581892848014832},"size":0.7618642449378967,"orthographic":false}