{"cameraMode":{"drawMode":0,"name":"Shaded","section":"Shading Mode"},"sceneLighting":false,"audioPlay":false,"sceneViewState":{"showFog":true,"showMaterialUpdate":false,"showSkybox":false,"showFlares":true,"showImageEffects":true,"showParticleSystems":true},"in2DMode":false,"pivot":{"x":0.03179026022553444,"y":2.7553887367248537,"z":0.0},"rotation":{"x":0.000012734582924167626,"y":0.9991050362586975,"z":-0.04229692369699478,"w":0.0003006789193022996},"size":0.7864809632301331,"orthographic":false}