{"cameraMode":{"drawMode":0,"name":"Shaded","section":"Shading Mode"},"sceneLighting":false,"audioPlay":false,"sceneViewState":{"showFog":true,"showMaterialUpdate":false,"showSkybox":false,"showFlares":true,"showImageEffects":true,"showParticleSystems":true},"in2DMode":false,"pivot":{"x":0.06988143920898438,"y":1.3765294551849366,"z":0.0},"rotation":{"x":0.01229921542108059,"y":0.9866202473640442,"z":-0.08934430032968521,"w":0.13581892848014832},"size":4.419349670410156,"orthographic":false}